"offer_id","vendor_code","decision","product_id","comment"
"159969142791","p0066","link","398",""
"781261579961","p0086","link","402",""
"529262982831","p0118","link","162",""
"303887096421","p0119","link","403",""
"184048565341","p0117","link","401",""
"529250837671","p0171","link","400",""
"247032398971","p0193","link","399",""
"802949966802","p0469","link","391",""
"260839942382","p0472","link","393",""
"250982678012","p0471","link","382",""
"323525219372","p0470","link","384",""
"152791690452","p0473","link","386",""
"106575480722","p0475","link","390",""
"285856320272","p0477","link","383",""
"885837325432","p0478","link","392",""
"827015946062","p0476","link","385",""
"999716935512","p0474","link","389",""
"542228041302","p0453","link","381",""
"174148296822","p0479","link","387",""
"480639999022","p0371","link","368",""
"557068942892","p0372","link","379",""
"943520072271","p0199","create","",""
"287954247021","p0198","link","371",""
"177332427821","p0048","link","3",""
"281328483001","p0001","link","156",""
"759176430492","p0467","link","396",""
"265911891412","p0503","link","397",""
"879460503631","p0054","link","5",""
"148240040581","p0163","create","",""
"378643893061","p0194","link","406",""
"536608417261","p0120","link","419",""
"767630846921","p0089","link","411",""
"270117241961","p0081","link","413",""
"874027588211","p0072","link","415",""
"455996104031","p0019","link","408",""
"882368160511","p0164","create","",""
"242041970201","p0121","link","433",""
"687655968821","p0195","link","417",""
"431034377611","p0082","link","423",""
"318360109001","p0073","link","2",""
"275776458361","p0090","link","426",""
"934678955712","p0426","link","434","Исправлено после проверки полного совпадения названия"
"266235439432","p0428","link","418","Исправлено после проверки полного совпадения названия"
"734380346152","p0429","link","424","Исправлено после проверки полного совпадения названия"
"126352500642","p0427","link","425","Исправлено после проверки полного совпадения названия"
"725782353622","p0425","link","427","Исправлено после проверки полного совпадения названия"
"896756163732","p0431","link","409","Исправлено после проверки полного совпадения названия"
"449610110132","p0430","link","416",""
"219734150382","p0424","link","404","Исправлено после проверки полного совпадения названия"
"548465400342","p0421","link","407","Исправлено после проверки полного совпадения названия"
"902062698072","p0419","link","420","Исправлено после проверки полного совпадения названия"
"355603899092","p0418","link","412","Исправлено после проверки полного совпадения названия"
"592694955512","p0422","link","414","Исправлено после проверки полного совпадения названия"
"110627531562","p0420","create","",""
"163137442472","p0423","link","405",""
"144519033922","p0445","create","",""
"483541916872","p0441","link","431",""
"801233414212","p0440","create","",""
"337999775682","p0443","create","",""
"339608235822","p0444","create","",""
"957978419332","p0442","create","",""
"654561734622","p0439","create","",""
"954613123162","p0434","link","410",""
"279237886222","p0436","link","421",""
"729829201312","p0433","create","",""
"729177143212","p0432","link","428",""
"785743606702","p0437","link","429",""
"740004927782","p0435","link","430",""
"254986175812","p0438","link","369",""
"893709590771","p0528","create","",""
"178746744201","p0532","link","6",""
"412993819561","p0527","link","4","Подтверждено при локальной проверке"
"466942510901","p0531","create","",""
"482872664631","p0525","link","158",""
"687310551391","p0529","create","",""
"203902214162","p0530","create","",""
"185106988802","p0526","link","159",""
"781231801102","p0329","link","348",""
"121897357842","p0369","create","",""
"826187010792","p0457","create","",""
"153931314851","p0008","link","8",""
"358549335271","p0006","create","",""
"316730109271","p0067","link","164",""
"983148732912","p0212","link","165",""
"437715646481","p0216","create","",""
"496482571452","p0492","create","",""
"718334218682","p0491","create","",""
"367892426031","p0011","create","",""
"171289831211","p0050","create","",""
"112008321991","p0060","create","",""
"201441492931","p0038","create","",""
"952868620851","p0079","create","",""
"732473237641","p0076","create","",""
"413542450211","p0034","create","",""
"196884841711","p0080","create","",""
"635249322971","p0040","create","",""
"758562104381","p0036","create","",""
"239107832991","p0219","create","",""
"275265896132","p0351","create","",""
"761266660342","p0326","create","",""
"871428425672","p0449","create","",""
"478913019102","p0037","create","",""
"277649193541","p0077","create","",""
"611903051201","p0078","create","",""
"711638852571","p0130","create","",""
"482220121431","p0132","create","",""
"707613138121","p0150","create","",""
"567707971351","p0153","create","",""
"395426705282","p0493","create","",""
"155066349012","p0496","create","",""
"530197604221","p0020","create","",""
"382100721911","p0010","create","",""
"449216545111","p0064","create","",""
"612391459481","p0122","create","",""
"844651239211","p0123","create","",""
"333167010541","p0124","create","",""
"842839990951","p0166","create","",""
"901046156201","p0275","create","",""
"165603318012","p0465","create","",""
"533221519962","p0502","create","",""
"428297573181","p0173","create","",""
"489176709651","p0284","create","",""
"406062292111","p0287","create","",""
"169569635411","p0286","create","",""
"326274634192","p0273","create","",""
"255560637882","p0288","create","",""
"657226032512","p0289","create","",""
"644062015662","p0305","create","",""
"431075308872","p0323","create","",""
"289697833552","p0322","create","",""
"789621172832","f6401","create","",""
"706904202082","f6402","create","",""
"599359625631","p0018","create","",""
"397350457391","p0068","create","",""
"994240805222","p0045","link","375",""
"408225593582","p0062","link","377",""
"557786313322","p0046","link","378",""
"590270920042","p0533","create","",""
"209500735972","p0455","link","395",""
"740074905462","p0320","create","",""
"640266308422","p0370","create","",""
"421893225752","p0494","create","",""
"257253433931","p0197","create","",""
"267215749751","p0041","link","157",""
"696191561691","p0127","link","161",""
"792001721001","p0074","create","",""
"785079596682","p0325","link","163",""
"481980154813","p0557","create","",""
"677821314883","p0559","create","",""
"175975599993","p0560","create","",""
"922158618663","p0558","create","",""
"446847258042","p0385","create","",""
"502118410242","p0387","create","",""
"293884683812","p0308","create","",""
"828281508822","p0384","create","",""
"419483198882","p0309","create","",""
"412647758972","p0388","create","",""
"318452106882","p0386","create","",""
"222196629703","p0561","create","",""
"896013021911","","create","","Новый оффер после первичного сопоставления"
"790811860592","","create","","Новый оффер после первичного сопоставления"
469624415871,f0609,create,,"Новый товар полного фида ProMetall"
522062635471,f0617,create,,"Новый товар полного фида ProMetall"
852811305181,f0611,create,,"Новый товар полного фида ProMetall"
252712551092,f0615,create,,"Новый товар полного фида ProMetall"
873962357981,f0612,create,,"Новый товар полного фида ProMetall"
473936696461,f0613,create,,"Новый товар полного фида ProMetall"
214208867501,f0614,create,,"Новый товар полного фида ProMetall"
567267572862,f0728,create,,"Новый товар полного фида ProMetall"
620838306092,f0727,create,,"Новый товар полного фида ProMetall"
562303523381,f0730,create,,"Новый товар полного фида ProMetall"
224174710261,f0729,create,,"Новый товар полного фида ProMetall"
185122895951,f0724,create,,"Новый товар полного фида ProMetall"
852505778151,f0725,create,,"Новый товар полного фида ProMetall"
238926831471,f0718,create,,"Новый товар полного фида ProMetall"
474634724181,f0719,create,,"Новый товар полного фида ProMetall"
101240024061,f0721,create,,"Новый товар полного фида ProMetall"
230888172571,f0722,create,,"Новый товар полного фида ProMetall"
563053841201,f0723,create,,"Новый товар полного фида ProMetall"
905045560001,f0716,create,,"Новый товар полного фида ProMetall"
731435731411,f0726,create,,"Новый товар полного фида ProMetall"
554474934351,c341802,create,,"Новый товар полного фида ProMetall"
895830500861,c401809,create,,"Новый товар полного фида ProMetall"
946347617912,c341804,create,,"Новый товар полного фида ProMetall"
862219629462,c401811,create,,"Новый товар полного фида ProMetall"
727107225201,c322101,create,,"Новый товар полного фида ProMetall"
702097764161,c322107,create,,"Новый товар полного фида ProMetall"
804577305272,c322103,create,,"Новый товар полного фида ProMetall"
120942448222,c322109,create,,"Новый товар полного фида ProMetall"
864563787192,c322701,create,,"Новый товар полного фида ProMetall"
265382521182,c322703,create,,"Новый товар полного фида ProMetall"
639773095261,c410101,create,,"Новый товар полного фида ProMetall"
927665995371,c410102,create,,"Новый товар полного фида ProMetall"
468459717531,c410103,create,,"Новый товар полного фида ProMetall"
384683971891,c410104,create,,"Новый товар полного фида ProMetall"
895017075481,c410105,create,,"Новый товар полного фида ProMetall"
129605380531,c410107,create,,"Новый товар полного фида ProMetall"
181594786941,c410108,create,,"Новый товар полного фида ProMetall"
311623200081,c410109,create,,"Новый товар полного фида ProMetall"
558191258921,c410110,create,,"Новый товар полного фида ProMetall"
481182639701,c410111,create,,"Новый товар полного фида ProMetall"
258408672071,c412001,create,,"Новый товар полного фида ProMetall"
413056982861,c412012,create,,"Новый товар полного фида ProMetall"
541110109212,c412003,create,,"Новый товар полного фида ProMetall"
838052920012,c412014,create,,"Новый товар полного фида ProMetall"
363915556851,c412006,create,,"Новый товар полного фида ProMetall"
587458331091,c412017,create,,"Новый товар полного фида ProMetall"
739579881502,c412008,create,,"Новый товар полного фида ProMetall"
382653467872,c412020,create,,"Новый товар полного фида ProMetall"
653204359731,c410502,create,,"Новый товар полного фида ProMetall"
110215869361,c410509,create,,"Новый товар полного фида ProMetall"
449188413612,c410504,create,,"Новый товар полного фида ProMetall"
647853444942,c410511,create,,"Новый товар полного фида ProMetall"
663942208171,c410602,create,,"Новый товар полного фида ProMetall"
854420863442,c410604,create,,"Новый товар полного фида ProMetall"
438418026041,c410609,create,,"Новый товар полного фида ProMetall"
488794580872,c410611,create,,"Новый товар полного фида ProMetall"
976596900441,c410702,create,,"Новый товар полного фида ProMetall"
540826280741,c410709,create,,"Новый товар полного фида ProMetall"
821506280242,c410704,create,,"Новый товар полного фида ProMetall"
123233220262,c410711,create,,"Новый товар полного фида ProMetall"
901385569912,c411902,create,,"Новый товар полного фида ProMetall"
921037102492,c411904,create,,"Новый товар полного фида ProMetall"
904529652352,c412302,create,,"Новый товар полного фида ProMetall"
900885619502,c412304,create,,"Новый товар полного фида ProMetall"
511139782971,c410802,create,,"Новый товар полного фида ProMetall"
101473283312,c410804,create,,"Новый товар полного фида ProMetall"
742368539251,ce.16.03,create,,"Новый товар полного фида ProMetall"
662631710661,ce.07.03,create,,"Новый товар полного фида ProMetall"
245019112041,ce.01.03,create,,"Новый товар полного фида ProMetall"
350660593311,ce.06.01,create,,"Новый товар полного фида ProMetall"
658069345101,ce.08.03,create,,"Новый товар полного фида ProMetall"
958630936931,ce.05.03,create,,"Новый товар полного фида ProMetall"
339085213011,ce.10.03,create,,"Новый товар полного фида ProMetall"
957334136291,ce.09.03,create,,"Новый товар полного фида ProMetall"
359624076991,ce.11.01,create,,"Новый товар полного фида ProMetall"
281778646371,ce.12.01,create,,"Новый товар полного фида ProMetall"
213961994171,ce.14.01,create,,"Новый товар полного фида ProMetall"
976402002281,ce.20.01,create,,"Новый товар полного фида ProMetall"
262435920411,ce.21.01,create,,"Новый товар полного фида ProMetall"
664193724221,ce.15.01,create,,"Новый товар полного фида ProMetall"
757172342221,ce.02.10,create,,"Новый товар полного фида ProMetall"
894483834601,ce.02.11,create,,"Новый товар полного фида ProMetall"
796225325931,ce.02.12,create,,"Новый товар полного фида ProMetall"
354462180701,ce.02.13,create,,"Новый товар полного фида ProMetall"
692994876691,ce.02.20,create,,"Новый товар полного фида ProMetall"
687997529551,ce.17.01,create,,"Новый товар полного фида ProMetall"
283936228291,ce.04.03,create,,"Новый товар полного фида ProMetall"
306503467311,ce.03.09,create,,"Новый товар полного фида ProMetall"
981831960981,ce.03.10,create,,"Новый товар полного фида ProMetall"
381319038601,ce.03.11,create,,"Новый товар полного фида ProMetall"
771529397641,ce.03.12,create,,"Новый товар полного фида ProMetall"
185262480831,ce.13.01,create,,"Новый товар полного фида ProMetall"
210956848261,ce.18.01,create,,"Новый товар полного фида ProMetall"
775866022853,c443501,create,,"Новый товар полного фида ProMetall"
937206272143,c440401,create,,"Новый товар полного фида ProMetall"
882386497593,c440701,create,,"Новый товар полного фида ProMetall"
102463615393,c440801,create,,"Новый товар полного фида ProMetall"
627567176243,c441101,create,,"Новый товар полного фида ProMetall"
924549116253,c440301,create,,"Новый товар полного фида ProMetall"
810076851323,c440101,create,,"Новый товар полного фида ProMetall"
544041158553,c433001,create,,"Новый товар полного фида ProMetall"
529557751183,c433002,create,,"Новый товар полного фида ProMetall"
599692024153,c430701,create,,"Новый товар полного фида ProMetall"
734999006833,c430801,create,,"Новый товар полного фида ProMetall"
256150341623,c430101,create,,"Новый товар полного фида ProMetall"
385715621363,c431301,create,,"Новый товар полного фида ProMetall"
314337172051,c371501,create,,"Новый товар полного фида ProMetall"
181531059141,c401501,create,,"Новый товар полного фида ProMetall"
910826445332,c371503,create,,"Новый товар полного фида ProMetall"
842928334492,c401503,create,,"Новый товар полного фида ProMetall"
726418129011,c403501,create,,"Новый товар полного фида ProMetall"
785277411862,c343503,create,,"Новый товар полного фида ProMetall"
327291592072,c403503,create,,"Новый товар полного фида ProMetall"
327398302791,c372401,create,,"Новый товар полного фида ProMetall"
125656172161,c382401,create,,"Новый товар полного фида ProMetall"
222888759351,c402401,create,,"Новый товар полного фида ProMetall"
300964950382,c372403,create,,"Новый товар полного фида ProMetall"
570330768932,c382403,create,,"Новый товар полного фида ProMetall"
316299368772,c402403,create,,"Новый товар полного фида ProMetall"
614431153781,c370401,create,,"Новый товар полного фида ProMetall"
148586176731,c380401,create,,"Новый товар полного фида ProMetall"
129124320081,c400401,create,,"Новый товар полного фида ProMetall"
461095446152,c370403,create,,"Новый товар полного фида ProMetall"
142541172052,c380403,create,,"Новый товар полного фида ProMetall"
299796637042,c400403,create,,"Новый товар полного фида ProMetall"
633156279571,c370601,create,,"Новый товар полного фида ProMetall"
188966062061,c380601,create,,"Новый товар полного фида ProMetall"
446067687741,c400601,create,,"Новый товар полного фида ProMetall"
609114159062,c370603,create,,"Новый товар полного фида ProMetall"
297689600442,c380603,create,,"Новый товар полного фида ProMetall"
751819119061,c372501,create,,"Новый товар полного фида ProMetall"
817685575441,c382501,create,,"Новый товар полного фида ProMetall"
478363464971,c402501,create,,"Новый товар полного фида ProMetall"
774156728082,c372503,create,,"Новый товар полного фида ProMetall"
872394689092,c382503,create,,"Новый товар полного фида ProMetall"
171827761852,c402503,create,,"Новый товар полного фида ProMetall"
882761290221,c370701,create,,"Новый товар полного фида ProMetall"
237452156651,c380701,create,,"Новый товар полного фида ProMetall"
549857151221,c400701,create,,"Новый товар полного фида ProMetall"
691299051312,c370703,create,,"Новый товар полного фида ProMetall"
494513039782,c380703,create,,"Новый товар полного фида ProMetall"
163662898992,c400703,create,,"Новый товар полного фида ProMetall"
856523959701,c370801,create,,"Новый товар полного фида ProMetall"
227945742871,c380801,create,,"Новый товар полного фида ProMetall"
850355272491,c400801,create,,"Новый товар полного фида ProMetall"
945883019372,c370803,create,,"Новый товар полного фида ProMetall"
958567834942,c380803,create,,"Новый товар полного фида ProMetall"
910434447822,c400803,create,,"Новый товар полного фида ProMetall"
496798122221,c371201,create,,"Новый товар полного фида ProMetall"
895021787561,c381201,create,,"Новый товар полного фида ProMetall"
672024618531,c401201,create,,"Новый товар полного фида ProMetall"
303401447712,c371203,create,,"Новый товар полного фида ProMetall"
290535431892,c381203,create,,"Новый товар полного фида ProMetall"
364409688582,c401203,create,,"Новый товар полного фида ProMetall"
113330015091,c371001,create,,"Новый товар полного фида ProMetall"
773572113881,c381001,create,,"Новый товар полного фида ProMetall"
416114031711,c401001,create,,"Новый товар полного фида ProMetall"
292116659372,c371003,create,,"Новый товар полного фида ProMetall"
891752339532,c381003,create,,"Новый товар полного фида ProMetall"
952208446662,c401003,create,,"Новый товар полного фида ProMetall"
389557653221,c371101,create,,"Новый товар полного фида ProMetall"
985062901501,c381101,create,,"Новый товар полного фида ProMetall"
853234440181,c401101,create,,"Новый товар полного фида ProMetall"
901622605282,c371103,create,,"Новый товар полного фида ProMetall"
406211350602,c381103,create,,"Новый товар полного фида ProMetall"
938024286992,c401103,create,,"Новый товар полного фида ProMetall"
674726841111,c371301,create,,"Новый товар полного фида ProMetall"
426137414101,c381301,create,,"Новый товар полного фида ProMetall"
357761484521,c401301,create,,"Новый товар полного фида ProMetall"
672042074402,c371303,create,,"Новый товар полного фида ProMetall"
798583096512,c381303,create,,"Новый товар полного фида ProMetall"
478604354912,c401303,create,,"Новый товар полного фида ProMetall"
828114472461,c370301,create,,"Новый товар полного фида ProMetall"
731180743781,c380301,create,,"Новый товар полного фида ProMetall"
344282761571,c400301,create,,"Новый товар полного фида ProMetall"
501179918842,c370303,create,,"Новый товар полного фида ProMetall"
542350374612,c380303,create,,"Новый товар полного фида ProMetall"
777573193612,c400303,create,,"Новый товар полного фида ProMetall"
187265445261,c370201,create,,"Новый товар полного фида ProMetall"
209503354901,c380201,create,,"Новый товар полного фида ProMetall"
876714859581,c400201,create,,"Новый товар полного фида ProMetall"
681236352522,c370203,create,,"Новый товар полного фида ProMetall"
834018900472,c380203,create,,"Новый товар полного фида ProMetall"
788264745372,c400203,create,,"Новый товар полного фида ProMetall"
142967641811,c380101,create,,"Новый товар полного фида ProMetall"
115408087061,c400101,create,,"Новый товар полного фида ProMetall"
375395919612,c370103,create,,"Новый товар полного фида ProMetall"
864724907582,c380103,create,,"Новый товар полного фида ProMetall"
721378710312,c400103,create,,"Новый товар полного фида ProMetall"
180948164222,c403601,create,,"Новый товар полного фида ProMetall"
301327701842,c403603,create,,"Новый товар полного фида ProMetall"
438397464252,c363401,create,,"Новый товар полного фида ProMetall"
158199155752,c363403,create,,"Новый товар полного фида ProMetall"
799564242731,c411602,create,,"Новый товар полного фида ProMetall"
656327980221,c411609,create,,"Новый товар полного фида ProMetall"
121653630102,c411604,create,,"Новый товар полного фида ProMetall"
878817355642,c411611,create,,"Новый товар полного фида ProMetall"
252233591301,c412902,create,,"Новый товар полного фида ProMetall"
413212294441,c412909,create,,"Новый товар полного фида ProMetall"
463024427922,c412904,create,,"Новый товар полного фида ProMetall"
927896407202,c412911,create,,"Новый товар полного фида ProMetall"
748327110471,c351601,create,,"Новый товар полного фида ProMetall"
542672724521,c361601,create,,"Новый товар полного фида ProMetall"
593685323972,c351603,create,,"Новый товар полного фида ProMetall"
684533443932,c361603,create,,"Новый товар полного фида ProMetall"
627260513251,c321501,create,,"Новый товар полного фида ProMetall"
671820998081,c361501,create,,"Новый товар полного фида ProMetall"
571974672422,c321503,create,,"Новый товар полного фида ProMetall"
276632066192,c361503,create,,"Новый товар полного фида ProMetall"
647526578391,c321401,create,,"Новый товар полного фида ProMetall"
537777189661,c361401,create,,"Новый товар полного фида ProMetall"
528267659752,c321403,create,,"Новый товар полного фида ProMetall"
413625061602,c361403,create,,"Новый товар полного фида ProMetall"
698209729972,c323101,create,,"Новый товар полного фида ProMetall"
552728920912,c363101,create,,"Новый товар полного фида ProMetall"
551932637962,c323103,create,,"Новый товар полного фида ProMetall"
793068311472,c363103,create,,"Новый товар полного фида ProMetall"
497065829421,c350601,create,,"Новый товар полного фида ProMetall"
799203785131,c360601,create,,"Новый товар полного фида ProMetall"
600787057802,c350603,create,,"Новый товар полного фида ProMetall"
231871359552,c360603,create,,"Новый товар полного фида ProMetall"
516042096921,c350701,create,,"Новый товар полного фида ProMetall"
388763607421,c360701,create,,"Новый товар полного фида ProMetall"
939180769782,c350703,create,,"Новый товар полного фида ProMetall"
430398923782,c360703,create,,"Новый товар полного фида ProMetall"
392281071771,c350801,create,,"Новый товар полного фида ProMetall"
750278240801,c360801,create,,"Новый товар полного фида ProMetall"
275226208302,c350803,create,,"Новый товар полного фида ProMetall"
457398448012,c360803,create,,"Новый товар полного фида ProMetall"
900824315361,c411701,create,,"Новый товар полного фида ProMetall"
909313685421,c411712,create,,"Новый товар полного фида ProMetall"
692351290412,c411703,create,,"Новый товар полного фида ProMetall"
762849533102,c411714,create,,"Новый товар полного фида ProMetall"
157685043311,c411706,create,,"Новый товар полного фида ProMetall"
923134134801,c411717,create,,"Новый товар полного фида ProMetall"
679265209912,c411708,create,,"Новый товар полного фида ProMetall"
595661157042,c411720,create,,"Новый товар полного фида ProMetall"
558587273441,c410301,create,,"Новый товар полного фида ProMetall"
875648566721,c410312,create,,"Новый товар полного фида ProMetall"
105465688972,c410303,create,,"Новый товар полного фида ProMetall"
312948669241,c410314,create,,"Новый товар полного фида ProMetall"
973902036242,c410306,create,,"Новый товар полного фида ProMetall"
948291671202,c410317,create,,"Новый товар полного фида ProMetall"
711876985302,c410308,create,,"Новый товар полного фида ProMetall"
896173542722,c410320,create,,"Новый товар полного фида ProMetall"
455049958041,c412101,create,,"Новый товар полного фида ProMetall"
694105427951,c412112,create,,"Новый товар полного фида ProMetall"
863656507712,c412103,create,,"Новый товар полного фида ProMetall"
999848613202,c412114,create,,"Новый товар полного фида ProMetall"
782692973911,c412106,create,,"Новый товар полного фида ProMetall"
669040696241,c412117,create,,"Новый товар полного фида ProMetall"
186199663222,c412108,create,,"Новый товар полного фида ProMetall"
230946709432,c412120,create,,"Новый товар полного фида ProMetall"
770359599521,c353020,create,,"Новый товар полного фида ProMetall"
155384906151,c351201,create,,"Новый товар полного фида ProMetall"
343568807141,c361201,create,,"Новый товар полного фида ProMetall"
892718824402,c351203,create,,"Новый товар полного фида ProMetall"
504691151122,c361203,create,,"Новый товар полного фида ProMetall"
456704907351,c351001,create,,"Новый товар полного фида ProMetall"
750856013181,c361001,create,,"Новый товар полного фида ProMetall"
769549038382,c351003,create,,"Новый товар полного фида ProMetall"
782729333392,c361003,create,,"Новый товар полного фида ProMetall"
467478990251,c351101,create,,"Новый товар полного фида ProMetall"
948978548161,c361101,create,,"Новый товар полного фида ProMetall"
825338464042,c351103,create,,"Новый товар полного фида ProMetall"
392009070832,c361103,create,,"Новый товар полного фида ProMetall"
873112227492,c352401,create,,"Новый товар полного фида ProMetall"
460437316292,c352403,create,,"Новый товар полного фида ProMetall"
333754983441,c350201,create,,"Новый товар полного фида ProMetall"
515618834931,c360201,create,,"Новый товар полного фида ProMetall"
574144601722,c360203,create,,"Новый товар полного фида ProMetall"
445844319082,c350203,create,,"Новый товар полного фида ProMetall"
341899175961,c350301,create,,"Новый товар полного фида ProMetall"
915153288291,c360301,create,,"Новый товар полного фида ProMetall"
407644699622,c350303,create,,"Новый товар полного фида ProMetall"
499968997152,c360303,create,,"Новый товар полного фида ProMetall"
205624660861,c350101,create,,"Новый товар полного фида ProMetall"
200023404651,c360101,create,,"Новый товар полного фида ProMetall"
835176655052,c350103,create,,"Новый товар полного фида ProMetall"
691199178992,c360103,create,,"Новый товар полного фида ProMetall"
616002259261,c410901,create,,"Новый товар полного фида ProMetall"
225260504151,c410912,create,,"Новый товар полного фида ProMetall"
442186288872,c410903,create,,"Новый товар полного фида ProMetall"
446315180662,c410914,create,,"Новый товар полного фида ProMetall"
265445332071,c410906,create,,"Новый товар полного фида ProMetall"
256329907402,c410925,create,,"Новый товар полного фида ProMetall"
594849243371,c410917,create,,"Новый товар полного фида ProMetall"
718732139702,c410908,create,,"Новый товар полного фида ProMetall"
859591277112,c410920,create,,"Новый товар полного фида ProMetall"
257345917571,c351311,create,,"Новый товар полного фида ProMetall"
731589178671,c361311,create,,"Новый товар полного фида ProMetall"
858930538702,c351313,create,,"Новый товар полного фида ProMetall"
561363452932,c361313,create,,"Новый товар полного фида ProMetall"
624386577251,f3501,create,,"Новый товар полного фида ProMetall"
212012883762,f3506,create,,"Новый товар полного фида ProMetall"
862965827761,f6109,create,,"Новый товар полного фида ProMetall"
